num_training_step_calls_per_iteration,num_env_steps_sampled_lifetime,done,training_iteration,trial_id,date,timestamp,time_this_iter_s,time_total_s,pid,hostname,node_ip,time_since_restore,iterations_since_restore,timers/training_iteration,timers/restore_env_runners,timers/training_step,timers/env_runner_sampling_timer,timers/learner_update_timer,timers/synch_weights,env_runners/episode_len_max,env_runners/env_to_module_sum_episodes_length_in,env_runners/episode_duration_sec_mean,env_runners/episode_return_max,env_runners/env_step_timer,env_runners/episode_len_min,env_runners/num_env_steps_sampled_lifetime,env_runners/num_env_steps_sampled,env_runners/connector_pipeline_timer,env_runners/num_episodes,env_runners/env_to_module_sum_episodes_length_out,env_runners/num_episodes_lifetime,env_runners/sample,env_runners/rlmodule_inference_timer,env_runners/weights_seq_no,env_runners/episode_len_mean,env_runners/episode_return_mean,env_runners/episode_return_min,env_runners/env_reset_timer,env_runners/num_env_steps_sampled_lifetime_throughput,fault_tolerance/num_healthy_workers,fault_tolerance/num_remote_worker_restarts,env_runner_group/actor_manager_num_outstanding_async_reqs,perf/cpu_util_percent,perf/ram_util_percent,env_runners/module_episode_returns_mean/agent_1,env_runners/module_episode_returns_mean/agent_0,env_runners/module_episode_returns_mean/agent_2,env_runners/num_module_steps_sampled/agent_2,env_runners/num_module_steps_sampled/agent_1,env_runners/num_module_steps_sampled/agent_0,env_runners/env_to_module_connector/connector_pipeline_timer,env_runners/agent_steps/agent_2,env_runners/agent_steps/agent_1,env_runners/agent_steps/agent_0,env_runners/num_agent_steps_sampled/agent_0,env_runners/num_agent_steps_sampled/agent_2,env_runners/num_agent_steps_sampled/agent_1,env_runners/module_to_env_connector/connector_pipeline_timer,env_runners/num_module_steps_sampled_lifetime/agent_2,env_runners/num_module_steps_sampled_lifetime/agent_1,env_runners/num_module_steps_sampled_lifetime/agent_0,env_runners/agent_episode_returns_mean/agent_0,env_runners/agent_episode_returns_mean/agent_2,env_runners/agent_episode_returns_mean/agent_1,env_runners/num_agent_steps_sampled_lifetime/agent_2,env_runners/num_agent_steps_sampled_lifetime/agent_1,env_runners/num_agent_steps_sampled_lifetime/agent_0,learners/__all_modules__/num_env_steps_trained,learners/__all_modules__/num_module_steps_trained_lifetime,learners/__all_modules__/learner_connector_sum_episodes_length_in,learners/__all_modules__/num_env_steps_trained_lifetime,learners/__all_modules__/num_module_steps_trained,learners/__all_modules__/learner_connector_sum_episodes_length_out,learners/__all_modules__/num_trainable_parameters,learners/__all_modules__/num_non_trainable_parameters,learners/__all_modules__/num_env_steps_trained_lifetime_throughput,learners/__all_modules__/num_module_steps_trained_throughput,learners/__all_modules__/num_module_steps_trained_lifetime_throughput,learners/agent_0/vf_explained_var,learners/agent_0/entropy,learners/agent_0/num_module_steps_trained,learners/agent_0/curr_entropy_coeff,learners/agent_0/weights_seq_no,learners/agent_0/num_trainable_parameters,learners/agent_0/mean_kl_loss,learners/agent_0/curr_kl_coeff,learners/agent_0/vf_loss,learners/agent_0/diff_num_grad_updates_vs_sampler_policy,learners/agent_0/total_loss,learners/agent_0/vf_loss_unclipped,learners/agent_0/num_module_steps_trained_lifetime,learners/agent_0/default_optimizer_learning_rate,learners/agent_0/module_train_batch_size_mean,learners/agent_0/policy_loss,learners/agent_0/num_module_steps_trained_lifetime_throughput,learners/agent_1/vf_loss,learners/agent_1/mean_kl_loss,learners/agent_1/total_loss,learners/agent_1/vf_loss_unclipped,learners/agent_1/num_module_steps_trained_lifetime,learners/agent_1/default_optimizer_learning_rate,learners/agent_1/module_train_batch_size_mean,learners/agent_1/policy_loss,learners/agent_1/diff_num_grad_updates_vs_sampler_policy,learners/agent_1/vf_explained_var,learners/agent_1/entropy,learners/agent_1/num_module_steps_trained,learners/agent_1/curr_entropy_coeff,learners/agent_1/weights_seq_no,learners/agent_1/num_trainable_parameters,learners/agent_1/curr_kl_coeff,learners/agent_1/num_module_steps_trained_lifetime_throughput,learners/agent_2/curr_entropy_coeff,learners/agent_2/curr_kl_coeff,learners/agent_2/vf_loss,learners/agent_2/mean_kl_loss,learners/agent_2/total_loss,learners/agent_2/vf_loss_unclipped,learners/agent_2/num_module_steps_trained_lifetime,learners/agent_2/default_optimizer_learning_rate,learners/agent_2/module_train_batch_size_mean,learners/agent_2/policy_loss,learners/agent_2/diff_num_grad_updates_vs_sampler_policy,learners/agent_2/vf_explained_var,learners/agent_2/entropy,learners/agent_2/num_module_steps_trained,learners/agent_2/weights_seq_no,learners/agent_2/num_trainable_parameters,learners/agent_2/num_module_steps_trained_lifetime_throughput,env_runners/timers/connectors/agent_to_module_mapping,env_runners/timers/connectors/batch_individual_items,env_runners/timers/connectors/add_time_dim_to_batch_and_zero_pad,env_runners/timers/connectors/numpy_to_tensor,env_runners/timers/connectors/add_states_from_episodes_to_batch,env_runners/timers/connectors/add_observations_from_episodes_to_batch,learners/__all_modules__/learner_connector/connector_pipeline_timer,env_runners/env_to_module_connector/timers/connectors/batch_individual_items,env_runners/env_to_module_connector/timers/connectors/add_time_dim_to_batch_and_zero_pad,env_runners/env_to_module_connector/timers/connectors/numpy_to_tensor,env_runners/env_to_module_connector/timers/connectors/add_states_from_episodes_to_batch,env_runners/env_to_module_connector/timers/connectors/add_observations_from_episodes_to_batch,env_runners/env_to_module_connector/timers/connectors/agent_to_module_mapping,env_runners/module_to_env_connector/timers/connectors/remove_single_ts_time_rank_from_batch,env_runners/module_to_env_connector/timers/connectors/listify_data_for_vector_env,env_runners/module_to_env_connector/timers/connectors/module_to_agent_unmapping,env_runners/module_to_env_connector/timers/connectors/un_batch_to_individual_items,env_runners/module_to_env_connector/timers/connectors/normalize_and_clip_actions,env_runners/module_to_env_connector/timers/connectors/tensor_to_numpy,env_runners/module_to_env_connector/timers/connectors/get_actions,learners/__all_modules__/learner_connector/timers/connectors/general_advantage_estimation,learners/__all_modules__/learner_connector/timers/connectors/batch_individual_items,learners/__all_modules__/learner_connector/timers/connectors/add_one_ts_to_episodes_and_truncate,learners/__all_modules__/learner_connector/timers/connectors/add_time_dim_to_batch_and_zero_pad,learners/__all_modules__/learner_connector/timers/connectors/add_columns_from_episodes_to_train_batch,learners/__all_modules__/learner_connector/timers/connectors/numpy_to_tensor,learners/__all_modules__/learner_connector/timers/connectors/add_states_from_episodes_to_batch,learners/__all_modules__/learner_connector/timers/connectors/add_observations_from_episodes_to_batch,learners/__all_modules__/learner_connector/timers/connectors/agent_to_module_mapping
1,4000.0,False,1,db5f9_00000,2025-10-20_16-48-47,1760971727,4.3454718589782715,4.3454718589782715,2521914,xuezhi-Precision-3660,130.238.16.41,4.3454718589782715,1,4.341818165965378,1.849501859396696e-05,4.34163769101724,1.3308128869975917,3.0084109159652144,0.0020536600495688617,500,399.2306012071058,0.6416087971374509,-4.340000000000007,0.00034528648520301436,500,4000.0,4000.0,0.00043293948692735285,8.0,399.2306012071058,8.0,1.3006437654839829,0.00015267930110014988,0.0,500.0,-7.890000000000027,-13.98000000000006,0.0009426562610315159,nan,4,0,0,7.7285714285714295,21.9,-2.4075000000000095,-1.552500000000005,-3.9300000000000126,4000.0,4000.0,4000.0,0.0001411425364787841,500.0,500.0,500.0,4000.0,4000.0,4000.0,0.000389187515699185,4000.0,4000.0,4000.0,-1.552500000000005,-3.9300000000000126,-2.4075000000000095,4000.0,4000.0,4000.0,628000,120576,4000,628000,120576,4000,626097,0,nan,nan,nan,0.7916783,4.0267415,40192,0.0,1.0,208699,0.008923968,0.20000000298023224,0.0011231771,1.0,-0.063057855,0.0011231771,40192,5e-05,256.0,-0.06596583,nan,0.0015826613,0.009452609,0.03383827,0.0015826613,40192,5e-05,256.0,0.030365085,1.0,0.9009544,4.024502,40192,0.0,1.0,208699,0.20000000298023224,nan,0.0,0.20000000298023224,0.0042474773,0.010861785,-0.024532104,0.0042474773,40192,5e-05,256.0,-0.030951936,1.0,0.39588916,4.0165124,40192,1.0,208699,nan,7.320501026697457e-06,4.204326251056045e-05,1.8153252312913537e-05,7.775674748700112e-05,8.319242624565954e-06,3.8484999095089734e-05,0.33688850700855255,2.2877963868274635e-05,8.5731084653171e-06,3.743878586367141e-05,5.004714789515615e-06,2.1369247563872896e-05,4.429992677784373e-06,1.0552231736650119e-06,8.913259655113697e-06,3.4708408767501505e-06,2.50007619455202e-05,3.1866042238734465e-05,5.597681135373324e-05,0.0002076553944571391,0.04040493397042155,0.18925344600575045,0.006763927987776697,2.23120441660285e-05,0.09427810600027442,0.00024723901879042387,6.609014235436916e-06,0.00016054301522672176,0.0053119370131753385
1,8000.0,False,2,db5f9_00000,2025-10-20_16-48-51,1760971731,4.085534572601318,8.43100643157959,2521914,xuezhi-Precision-3660,130.238.16.41,8.43100643157959,2,4.339213658905355,1.8426867900416255e-05,4.339032376906835,1.3304203962977044,3.006195365295862,0.0020563403790583835,500,399.24749350803154,0.6329678798174427,-4.3200000000000065,0.0003300774326516845,500,8000.0,4000.0,0.00043293948692735285,8.0,399.24749350803154,16.0,1.300283454801829,0.00014410398489998443,1.0,500.0,-6.656875000000022,-13.98000000000006,0.0009426562610315159,923.875434227498,4,0,0,7.719999999999999,22.0,-1.453750000000005,-1.3362500000000042,-3.866875000000012,4000.0,4000.0,4000.0,0.00013576813328504886,500.0,500.0,500.0,4000.0,4000.0,4000.0,0.0003805036661370361,8000.0,8000.0,8000.0,-1.3362500000000042,-3.866875000000012,-1.453750000000005,8000.0,8000.0,8000.0,628000,241152,4000.0,1256000,120576,4000.0,626097,0,nan,nan,nan,0.7589157,4.012438,40192,0.0,2.0,208699,0.0085213855,0.20000000298023224,0.0037338308,1.0,-0.06949136,0.0037338308,80384,5e-05,256.0,-0.074929476,nan,0.00039392896,0.011066028,-0.0018689935,0.00039392896,80384,5e-05,256.0,-0.0044761375,1.0,0.834252,4.0168147,40192,0.0,2.0,208699,0.20000000298023224,nan,0.0,0.20000000298023224,0.0053584767,0.008902563,0.06800855,0.0053584767,80384,5e-05,256.0,0.06086957,1.0,0.3375247,4.015648,40192,2.0,208699,nan,7.320501026697457e-06,4.204326251056045e-05,1.8153252312913537e-05,7.775674748700112e-05,8.319242624565954e-06,3.8484999095089734e-05,0.33555717261857354,2.1717151459869327e-05,8.365233551742784e-06,3.5970047355462714e-05,4.844886638391902e-06,2.0037398700472954e-05,4.127690660096873e-06,1.0079083944369452e-06,8.407532091643716e-06,3.283025383346126e-06,2.3422973990575435e-05,3.0519461718902746e-05,5.49371428164812e-05,0.00020459842676712523,0.04038901698077098,0.187986868005828,0.006753121077781543,2.2285943850874903e-05,0.09424621061014478,0.0002466990984976292,6.607233663089574e-06,0.00016032698506023734,0.005309437313117087
1,12000.0,False,3,db5f9_00000,2025-10-20_16-48-55,1760971735,4.278047323226929,12.709053754806519,2521914,xuezhi-Precision-3660,130.238.16.41,12.709053754806519,3,4.33856404037656,1.83942889678292e-05,4.338381059557783,1.3308539434347066,3.0051107506027153,0.0020553832351521122,500,399.2474942227809,0.6303955270462515,-3.9600000000000035,0.0003332390048089383,500,12000.0,4000.0,0.00043293948692735285,8.0,399.2474942227809,24.0,1.3002106622486522,0.00014576588812771944,2.0,500.0,-6.340416666666685,-13.98000000000006,0.0009426562610315159,925.5092011370676,4,0,0,7.114285714285714,22.0,-1.1358333333333368,-1.424583333333337,-3.7800000000000114,4000.0,4000.0,4000.0,0.00013928125279977764,500.0,500.0,500.0,4000.0,4000.0,4000.0,0.0003857769928644487,12000.0,12000.0,12000.0,-1.424583333333337,-3.7800000000000114,-1.1358333333333368,12000.0,12000.0,12000.0,628000,361728,4000.0,1884000,120576,4000.0,626097,0,146298.54100861773,0.0,28089.299516521554,0.8324548,4.0016875,40192,0.0,3.0,208699,0.0095411455,0.20000000298023224,0.0021004798,1.0,0.032201283,0.0021004798,120576,5e-05,256.0,0.028192565,9363.072652165596,0.0002360023,0.009809494,-0.065375954,0.0002360023,120576,5e-05,256.0,-0.06757386,1.0,0.66368246,4.009552,40192,0.0,3.0,208699,0.20000000298023224,9363.104733423697,0.0,0.20000000298023224,0.0063073994,0.010810021,-0.012475891,0.0063073994,120576,5e-05,256.0,-0.02094531,1.0,0.3496548,4.008318,40192,3.0,208699,9363.089497652192,7.320501026697457e-06,4.204326251056045e-05,1.8153252312913537e-05,7.775674748700112e-05,8.319242624565954e-06,3.8484999095089734e-05,0.3354972878224566,2.2202364864678274e-05,8.630101985507743e-06,3.679028213975494e-05,5.056055632835571e-06,2.057373310402266e-05,4.237237293521862e-06,1.032648931067785e-06,8.596694565630891e-06,3.4031995622071353e-06,2.407676601241482e-05,3.105211544595923e-05,5.545823671048602e-05,0.0002068312890412593,0.040373655800824054,0.18796456890550325,0.006742976507113781,2.2264374652877453e-05,0.09424000633393298,0.0002461798877688125,6.601271213730797e-06,0.00016006340527092107,0.005307115910411812
1,16000.0,False,4,db5f9_00000,2025-10-20_16-48-59,1760971739,4.142923831939697,16.851977586746216,2521914,xuezhi-Precision-3660,130.238.16.41,16.851977586746216,4,4.3365716310430455,1.831320599990431e-05,4.336387730251914,1.3315558566803,3.002414754096467,0.0020552844328265056,500,399.2474942228111,0.6314017122099176,-2.8399999999999936,0.0003310194300104914,500,16000.0,4000.0,0.00043293948692735285,8.0,399.2474942228111,32.0,1.3007681317412416,0.00014452384583472,3.0,500.0,-5.778000000000015,-13.98000000000006,0.0009426562610315159,925.5832546973719,4,0,0,8.16,21.88,-0.7905000000000014,-1.3602000000000034,-3.6273000000000097,4000.0,4000.0,4000.0,0.00013912010795522845,500.0,500.0,500.0,4000.0,4000.0,4000.0,0.0003861204493273197,16000.0,16000.0,16000.0,-1.3602000000000034,-3.6273000000000097,-0.7905000000000014,16000.0,16000.0,16000.0,628000,482304,4000.0,2512000,120576,4000.0,626097,0,146544.6702213931,0.0,28136.558208052207,0.87387586,3.9957452,40192,0.0,4.0,208699,0.009461796,0.20000000298023224,0.00072636985,1.0,-0.003210141,0.00072636985,160768,5e-05,256.0,-0.0058288537,9378.827316866746,0.0008414392,0.009255062,-0.020970976,0.0008414392,160768,5e-05,256.0,-0.023663431,1.0,0.8187573,3.995666,40192,0.0,4.0,208699,0.20000000298023224,9378.857285312679,0.0,0.20000000298023224,0.0059664203,0.009157067,-0.015965374,0.0059664203,160768,5e-05,256.0,-0.023763208,1.0,0.18329489,4.0006943,40192,4.0,208699,9378.84283463474,7.320501026697457e-06,4.204326251056045e-05,1.8153252312913537e-05,7.775674748700112e-05,8.319242624565954e-06,3.8484999095089734e-05,0.33419426169379346,2.23338392268665e-05,8.424817593425163e-06,3.7056563868197135e-05,4.8878150984271676e-06,2.0510117724225406e-05,4.23015585822062e-06,1.0256621318452884e-06,8.667328131662782e-06,3.331472095620849e-06,2.3994480738584365e-05,3.108802306084685e-05,5.538380579833108e-05,0.00020723908784128802,0.040355388152914826,0.1867081497465997,0.006731571542330203,2.223923066398129e-05,0.0942287967103264,0.00024552931863139387,6.5958584973705e-06,0.0001599427417422994,0.005304917011197423
1,20000.0,False,5,db5f9_00000,2025-10-20_16-49-03,1760971743,4.154384613037109,21.006362199783325,2521914,xuezhi-Precision-3660,130.238.16.41,21.006362199783325,5,4.334712632052332,1.8230283666857287e-05,4.334527989059702,1.330999849573537,3.0011076484855694,0.002056905738715565,500,399.2474942228111,0.6278860793530475,-2.8399999999999936,0.0003261743982480124,500,20000.0,4000.0,0.00043293948692735285,8.0,399.2474942228111,40.0,1.3002353754460811,0.00014374040693395756,4.0,500.0,-6.220700000000017,-13.220000000000052,0.0009426562610315159,928.970669203542,4,0,0,6.516666666666667,21.8,-1.3040000000000034,-1.1928000000000025,-3.723900000000011,4000.0,4000.0,4000.0,0.00013679687986512838,500.0,500.0,500.0,4000.0,4000.0,4000.0,0.0003789342976937085,20000.0,20000.0,20000.0,-1.1928000000000025,-3.723900000000011,-1.3040000000000034,20000.0,20000.0,20000.0,628000,602880,4000.0,3140000,120576,4000.0,626097,0,146760.02789415594,0.0,28177.913269611116,0.7984588,3.9897707,40192,0.0,5.0,208699,0.009865885,0.20000000298023224,0.0009304175,1.0,-0.09920897,0.0009304175,200960,5e-05,256.0,-0.10211259,9392.608864029837,0.004842949,0.008612539,-0.03725209,0.004842949,200960,5e-05,256.0,-0.043817542,1.0,0.62556803,3.9961746,40192,0.0,5.0,208699,0.20000000298023224,9392.64267728296,0.0,0.20000000298023224,0.005971234,0.008435449,-0.09185304,0.005971234,200960,5e-05,256.0,-0.099511355,1.0,0.2739632,3.9899783,40192,5.0,208699,9392.62666166722,7.320501026697457e-06,4.204326251056045e-05,1.8153252312913537e-05,7.775674748700112e-05,8.319242624565954e-06,3.8484999095089734e-05,0.33409937138689016,2.1939941472301528e-05,8.359597622263023e-06,3.628946811744305e-05,4.855607296280881e-06,2.03387653967248e-05,4.179261038090767e-06,1.0144971906191717e-06,8.440244939001887e-06,3.333066790717373e-06,2.3492492106068045e-05,3.067574769880588e-05,5.448186884680272e-05,0.00020317377593781697,0.04034766246117965,0.1866584127693747,0.00672014407667857,2.2209708277625034e-05,0.09420845263292116,0.0002449238253277005,6.589619808340794e-06,0.00015968975472859865,0.005302831010864146
1,24000.0,False,6,db5f9_00000,2025-10-20_16-49-07,1760971747,4.111369371414185,25.11773157119751,2521914,xuezhi-Precision-3660,130.238.16.41,25.11773157119751,6,4.332423357021906,1.815495079487922e-05,4.332237286448825,1.331207140037503,2.9985999295908896,0.0020615724712728274,500,399.2474942228111,0.632355339640053,-2.8399999999999936,0.0003841448821634392,500,24000.0,4000.0,0.00043293948692735285,8.0,399.2474942228111,48.0,1.300211103709128,0.0001606251009230152,5.0,500.0,-6.817100000000021,-13.220000000000052,0.0009426562610315159,929.6751936823542,4,0,0,6.95,21.766666666666666,-1.8904000000000059,-1.005000000000002,-3.921700000000013,4000.0,4000.0,4000.0,0.000156281089622788,500.0,500.0,500.0,4000.0,4000.0,4000.0,0.00043209762932661,24000.0,24000.0,24000.0,-1.005000000000002,-3.921700000000013,-1.8904000000000059,24000.0,24000.0,24000.0,628000,723456,4000.0,3768000,120576,4000.0,626097,0,147043.093049764,0.0,28232.253572389247,0.80994797,3.9813342,40192,0.0,6.0,208699,0.009349094,0.20000000298023224,0.00092783675,1.0,0.017902374,0.00092783675,241152,5e-05,256.0,0.015104722,9410.727947199373,0.005386254,0.008975292,0.007127283,0.005386254,241152,5e-05,256.0,-5.4034066e-05,1.0,0.6659553,3.986638,40192,0.0,6.0,208699,0.20000000298023224,9410.755297045363,0.0,0.20000000298023224,0.008368793,0.010874131,-0.12486814,0.008368793,241152,5e-05,256.0,-0.13541177,1.0,0.32304925,3.9653409,40192,6.0,208699,9410.743228042018,7.320501026697457e-06,4.204326251056045e-05,1.8153252312913537e-05,7.775674748700112e-05,8.319242624565954e-06,3.8484999095089734e-05,0.3328056297029003,2.497888120590314e-05,9.565016318100433e-06,4.137415577340481e-05,5.525098264853491e-06,2.3214727771164335e-05,4.790318430664167e-06,1.1748079643352328e-06,9.714549321203246e-06,3.7942236448261458e-06,2.6876000081610616e-05,3.527043491042099e-05,6.205440374481685e-05,0.00023085942422868135,0.04031809352650431,0.18542667153211212,0.006709950205615057,2.2178581217080124e-05,0.09419159098633328,0.0002443672673766858,6.585133856674313e-06,0.00015946621688197755,0.005300946781108475
1,28000.0,False,7,db5f9_00000,2025-10-20_16-49-12,1760971752,4.31690788269043,29.43463945388794,2521914,xuezhi-Precision-3660,130.238.16.41,29.43463945388794,7,4.332229115772005,1.8073301349126386e-05,4.332042571663948,1.3325818372171232,2.9970313430651943,0.0020605582665945833,500,399.2474942228111,0.65566230884986,-2.8399999999999936,0.0003625653152095528,500,28000.0,4000.0,0.00043293948692735285,8.0,399.2474942228111,56.0,1.3016787370919485,0.0001581815774821221,6.0,500.0,-6.833300000000022,-13.220000000000052,0.0009426562610315159,930.3882449226253,4,0,0,7.283333333333335,21.599999999999998,-1.8425000000000054,-0.9065000000000015,-4.084300000000014,4000.0,4000.0,4000.0,0.00015401878312981584,500.0,500.0,500.0,4000.0,4000.0,4000.0,0.00042649882784151613,28000.0,28000.0,28000.0,-0.9065000000000015,-4.084300000000014,-1.8425000000000054,28000.0,28000.0,28000.0,628000,844032,4000.0,4396000,120576,4000.0,626097,0,146944.3776434746,0.0,28213.302168755912,0.90431416,3.9744568,40192,0.0,7.0,208699,0.00877778,0.20000000298023224,0.0009456977,1.0,0.08003721,0.0009456977,281344,5e-05,256.0,0.077335946,9404.412300401684,0.0011133348,0.008499472,0.046902627,0.0011133348,281344,5e-05,256.0,0.044089396,1.0,0.8866813,3.9745042,40192,0.0,7.0,208699,0.20000000298023224,9404.43813316732,0.0,0.20000000298023224,0.009761088,0.009150642,-0.008558138,0.009761088,281344,5e-05,256.0,-0.020149363,1.0,0.28839397,3.9612372,40192,7.0,208699,9404.426178727466,7.320501026697457e-06,4.204326251056045e-05,1.8153252312913537e-05,7.775674748700112e-05,8.319242624565954e-06,3.8484999095089734e-05,0.3327595006159173,2.4610386266431743e-05,9.411210212535479e-06,4.064705479843623e-05,5.450580438307835e-06,2.2854637666761288e-05,4.6983363041532824e-06,1.1497261619404513e-06,9.553036829340193e-06,3.7793524095898985e-06,2.6473211812045265e-05,3.4633463718822874e-05,6.117507098623972e-05,0.00022841872023155672,0.04029726880126895,0.1854376408367395,0.006697910653659165,2.2161845278239022e-05,0.09417261120655218,0.00024377569495229878,6.583672996763266e-06,0.00015925223460925913,0.005299040573199837
1,32000.0,False,8,db5f9_00000,2025-10-20_16-49-16,1760971756,4.051728010177612,33.48636746406555,2521914,xuezhi-Precision-3660,130.238.16.41,33.48636746406555,8,4.329387645664291,1.7978768642758484e-05,4.329200649087348,1.3324412570748778,2.9943325990645553,0.002057982253693259,500,399.2474942228111,0.6605628246016567,-3.6399999999999997,0.00033735236665992054,500,32000.0,4000.0,0.00043293948692735285,8.0,399.2474942228111,64.0,1.3014716393709045,0.00014133055031004501,7.0,500.0,-6.747200000000021,-10.980000000000054,0.0009426562610315159,931.7661781392171,4,0,0,6.983333333333334,21.5,-1.697400000000005,-1.0281000000000013,-4.021700000000013,4000.0,4000.0,4000.0,0.0001363735354191422,500.0,500.0,500.0,4000.0,4000.0,4000.0,0.00037675478576195385,32000.0,32000.0,32000.0,-1.0281000000000013,-4.021700000000013,-1.697400000000005,32000.0,32000.0,32000.0,628000,964608,4000.0,5024000,120576,4000.0,626097,0,147329.24450592825,0.0,28287.20098957329,0.8594812,3.9682562,40192,0.0,8.0,208699,0.009320914,0.20000000298023224,0.0014179004,1.0,0.008845459,0.0014179004,321536,5e-05,256.0,0.005563371,9429.045086639158,0.005524714,0.008156875,-0.14413977,0.005524714,321536,5e-05,256.0,-0.15129587,1.0,0.69467795,3.9741468,40192,0.0,8.0,208699,0.20000000298023224,9429.070865324067,0.0,0.20000000298023224,0.0069847885,0.008759016,0.060887232,0.0069847885,321536,5e-05,256.0,0.052150648,1.0,0.24258834,3.944236,40192,8.0,208699,9429.058405210832,7.320501026697457e-06,4.204326251056045e-05,1.8153252312913537e-05,7.775674748700112e-05,8.319242624565954e-06,3.8484999095089734e-05,0.331466206709824,2.1918492819205904e-05,8.283019870961803e-06,3.610279184066369e-05,4.76696640347169e-06,2.01776016082285e-05,4.1534595267166585e-06,1.0069110933519421e-06,8.479186105707987e-06,3.336943293618417e-06,2.3636252867742223e-05,3.0466638508158438e-05,5.3842463929014864e-05,0.00020187359858513733,0.040284522852947834,0.18420806246816143,0.006686529237056648,2.212593720344783e-05,0.0941387139739129,0.00024320619844505508,6.580796583222685e-06,0.00015895869188640974,0.005296930887259005
1,36000.0,False,9,db5f9_00000,2025-10-20_16-49-20,1760971760,4.172502279281616,37.65886974334717,2521914,xuezhi-Precision-3660,130.238.16.41,37.65886974334717,9,4.327780532737663,1.7879770861372357e-05,4.327593318826544,1.3320617839939546,2.9931044468541295,0.002058140261356559,500,399.2474942228111,0.6592738091328647,-3.6399999999999997,0.0003375166147304579,500,36000.0,4000.0,0.00043293948692735285,8.0,399.2474942228111,72.0,1.3012188526221073,0.00015707206033088467,8.0,500.0,-6.248500000000016,-9.580000000000037,0.0009426562610315159,934.7322130198609,4,0,0,7.516666666666667,21.400000000000002,-1.1897000000000022,-1.1542000000000017,-3.9046000000000123,4000.0,4000.0,4000.0,0.00014561531769320067,500.0,500.0,500.0,4000.0,4000.0,4000.0,0.0004015526680179743,36000.0,36000.0,36000.0,-1.1542000000000017,-3.9046000000000123,-1.1897000000000022,36000.0,36000.0,36000.0,628000,1085184,4000.0,5652000,120576,4000.0,626097,0,147474.04244422517,0.0,28315.0019945636,0.82006335,3.9725928,40192,0.0,9.0,208699,0.0068766354,0.20000000298023224,0.001445455,1.0,-0.07451179,0.001445455,361728,5e-05,256.0,-0.077332586,9438.31468091104,0.0014339408,0.009280301,-0.037022665,0.0014339408,361728,5e-05,256.0,-0.040312666,1.0,0.62344,3.9690883,40192,0.0,9.0,208699,0.20000000298023224,9438.337762210103,0.0,0.20000000298023224,0.008616333,0.008668817,-0.015391378,0.008616333,361728,5e-05,256.0,-0.02574147,1.0,0.33037692,3.9499478,40192,9.0,208699,9438.326672791914,7.320501026697457e-06,4.204326251056045e-05,1.8153252312913537e-05,7.775674748700112e-05,8.319242624565954e-06,3.8484999095089734e-05,0.3314905433525311,2.3314892605421408e-05,8.970771801569023e-06,3.8566159304371143e-05,5.107733086919086e-06,2.2045841444901783e-05,4.413680062786226e-06,1.1125648764886379e-06,8.868290146199934e-06,3.571253609669957e-06,2.5150001704279335e-05,3.2281930581588246e-05,5.733809490050531e-05,0.00021587606448880253,0.040269297074757474,0.18424251944366274,0.006676944214370352,2.2136677851745986e-05,0.09415755036401087,0.0002426941260511376,6.5809786425680554e-06,0.0001587607249935157,0.005295829448301856
1,40000.0,False,10,db5f9_00000,2025-10-20_16-49-27,1760971767,6.880844354629517,44.539714097976685,2521914,xuezhi-Precision-3660,130.238.16.41,44.539714097976685,10,4.325160725220335,1.778765367308453e-05,4.324972997448204,1.3323461755738586,2.9902006515355666,0.0020562476983704233,500,399.2474942228111,0.638291758383275,-3.8400000000000016,0.0003525215075680045,500,40000.0,4000.0,0.00043293948692735285,8.0,399.2474942228111,80.0,1.3012377003307838,0.00015863473715592416,9.0,500.0,-5.942000000000013,-9.580000000000037,0.0009426562610315159,935.0743357935801,4,0,0,5.910000000000001,21.4,-1.0435000000000016,-1.0412000000000008,-3.8573000000000115,4000.0,4000.0,4000.0,0.00015075197400782992,500.0,500.0,500.0,4000.0,4000.0,4000.0,0.0004183087468698837,40000.0,40000.0,40000.0,-1.0412000000000008,-3.8573000000000115,-1.0435000000000016,40000.0,40000.0,40000.0,628000,1205760,4000.0,6280000,120576,4000.0,626097,0,147797.60300551573,0.0,28377.12404878731,0.6893252,3.9517484,40192,0.0,10.0,208699,0.0074888263,0.20000000298023224,0.0011360483,1.0,0.019005174,0.0011360483,401920,5e-05,256.0,0.01637136,9459.023494264331,0.0006811472,0.007233432,-0.055891044,0.0006811472,401920,5e-05,256.0,-0.058018886,1.0,0.6833276,3.9556253,40192,0.0,10.0,208699,0.20000000298023224,9459.04482374051,0.0,0.20000000298023224,0.009125834,0.009151025,-0.0017098932,0.009125834,401920,5e-05,256.0,-0.012665918,1.0,0.19286036,3.9526825,40192,10.0,208699,9459.03443382531,7.320501026697457e-06,4.204326251056045e-05,1.8153252312913537e-05,7.775674748700112e-05,8.319242624565954e-06,3.8484999095089734e-05,0.33023080910871905,2.4257372141372597e-05,9.199775897323412e-06,3.993846489140082e-05,5.357111137078463e-06,2.233319635121223e-05,4.58561887721166e-06,1.1146274606847137e-06,9.33991015220653e-06,3.688067099735673e-06,2.596940129055126e-05,3.374903705699142e-05,6.0077560414927274e-05,0.0002244933693223417,0.04027181134426545,0.18302858374960343,0.006664971301811212,2.2098311302527593e-05,0.09412750962016884,0.00024216691520477838,6.578408569341811e-06,0.00015852223744593463,0.005293100633494019
1,44000.0,False,11,db5f9_00000,2025-10-20_16-49-31,1760971771,4.396160364151001,48.935874462127686,2521914,xuezhi-Precision-3660,130.238.16.41,48.935874462127686,11,4.325816613878083,1.7734317083490923e-05,4.325628118113241,1.3340590371482524,2.989138039330118,0.0020600040712874562,500,399.2474942228111,0.6626780740037793,-3.359999999999996,0.0003980809490677609,500,44000.0,4000.0,0.00043293948692735285,8.0,399.2474942228111,88.0,1.302808860042548,0.0001714116078886997,10.0,500.0,-5.567600000000012,-9.580000000000037,0.0009426562610315159,916.6421967486282,4,0,0,7.783333333333335,21.46666666666667,-0.6612000000000003,-1.1595000000000015,-3.7469000000000103,4000.0,4000.0,4000.0,0.00016323462782819468,500.0,500.0,500.0,4000.0,4000.0,4000.0,0.0004533007478152996,44000.0,44000.0,44000.0,-1.1595000000000015,-3.7469000000000103,-0.6612000000000003,44000.0,44000.0,44000.0,628000,1326336,4000.0,6908000,120576,4000.0,626097,0,144742.9587867549,0.0,27790.641885560475,0.70883715,3.9522402,40192,0.0,11.0,208699,0.009956211,0.20000000298023224,0.0030466993,1.0,0.0020439718,0.0030466993,442112,5e-05,256.0,-0.002993971,9263.52516935189,0.00039753152,0.00838395,0.008143902,0.00039753152,442112,5e-05,256.0,0.0060695745,1.0,0.88670254,3.9454942,40192,0.0,11.0,208699,0.20000000298023224,9263.55083979609,0.0,0.20000000298023224,0.010547797,0.0083101755,-0.07185514,0.010547797,442112,5e-05,256.0,-0.08406498,1.0,0.23622942,3.929602,40192,11.0,208699,9263.53820094752,7.320501026697457e-06,4.204326251056045e-05,1.8153252312913537e-05,7.775674748700112e-05,8.319242624565954e-06,3.8484999095089734e-05,0.3302681692371917,2.6131178513326237e-05,9.98175652637102e-06,4.348205753884047e-05,5.734674883252463e-06,2.416195711303177e-05,4.934110926029365e-06,1.3181443598510453e-06,1.0050834020730335e-05,3.9867577758289525e-06,2.8158210854398297e-05,3.673075928619888e-05,6.511669332324124e-05,0.00024313215864739678,0.04027251426131904,0.18305277036173884,0.006656171818579809,2.2098268172184784e-05,0.09415300187371323,0.00024165496606564873,6.573603993374559e-06,0.00015829446487218267,0.005292064746990976
1,48000.0,False,12,db5f9_00000,2025-10-20_16-49-35,1760971775,4.119751930236816,53.0556263923645,2521914,xuezhi-Precision-3660,130.238.16.41,53.0556263923645,12,4.323705627889449,1.7658993897862438e-05,4.323516115092173,1.3338868186064399,2.9871973249469637,0.0020595399301146186,500,399.2474942228111,0.665604729942861,-3.359999999999996,0.0003446614287149835,500,48000.0,4000.0,0.00043293948692735285,8.0,399.2474942228111,96.0,1.3027191206821163,0.00015239846981925497,11.0,500.0,-5.755300000000016,-10.68000000000005,0.0009426562610315159,918.1915975137483,4,0,0,8.283333333333333,21.433333333333337,-1.0820000000000027,-0.874800000000001,-3.798500000000011,4000.0,4000.0,4000.0,0.0001428174078640996,500.0,500.0,500.0,4000.0,4000.0,4000.0,0.0003924836302449392,48000.0,48000.0,48000.0,-0.874800000000001,-3.798500000000011,-1.0820000000000027,48000.0,48000.0,48000.0,628000,1446912,4000.0,7536000,120576,4000.0,626097,0,145104.75020251225,0.0,27860.091357282556,0.6046716,3.9552853,40192,0.0,12.0,208699,0.009557889,0.20000000298023224,0.0009283883,1.0,-0.13675189,0.0009283883,482304,5e-05,256.0,-0.13959184,9286.681617964916,0.0017983865,0.008851059,0.035182714,0.0017983865,482304,5e-05,256.0,0.031614114,1.0,0.9088794,3.9434552,40192,0.0,12.0,208699,0.20000000298023224,9286.699838107135,0.0,0.20000000298023224,0.010314266,0.008405004,-0.12765774,0.010314266,482304,5e-05,256.0,-0.13965301,1.0,0.32330418,3.9411335,40192,12.0,208699,9286.69246171404,7.320501026697457e-06,4.204326251056045e-05,1.8153252312913537e-05,7.775674748700112e-05,8.319242624565954e-06,3.8484999095089734e-05,0.3290806164250701,2.2950849255451064e-05,8.725765733524615e-06,3.8097241373233654e-05,5.002387728234228e-06,2.1198524063887185e-05,4.349214325842374e-06,1.055080790137825e-06,8.80947909833274e-06,3.5653130328001436e-06,2.462527936627212e-05,3.179812156457382e-05,5.620400921433495e-05,0.00021006751312355743,0.04029162886861206,0.18185446094824181,0.006646989910417132,2.2081615335027135e-05,0.09415779395532953,0.00024120091679652025,6.570108241102366e-06,0.00015811311005759214,0.005291022239596198
1,52000.0,False,13,db5f9_00000,2025-10-20_16-49-40,1760971780,4.225474119186401,57.2811005115509,2521914,xuezhi-Precision-3660,130.238.16.41,57.2811005115509,13,4.322678820040465,1.760766451686316e-05,4.322488533311256,1.3339492998208948,2.9861061675974483,0.0020593318106145427,500,399.2474942228111,0.667481789785088,-3.359999999999996,0.0003604548572975978,500,52000.0,4000.0,0.00043293948692735285,8.0,399.2474942228111,104.0,1.3027472188304012,0.00015341727134289112,12.0,500.0,-5.919900000000015,-10.68000000000005,0.0009426562610315159,920.3967569223587,4,0,0,7.916666666666667,21.400000000000002,-1.1200000000000025,-0.9616000000000008,-3.8383000000000123,4000.0,4000.0,4000.0,0.00014707159046837287,500.0,500.0,500.0,4000.0,4000.0,4000.0,0.0004073288604107107,52000.0,52000.0,52000.0,-0.9616000000000008,-3.8383000000000123,-1.1200000000000025,52000.0,52000.0,52000.0,628000,1567488,4000.0,8164000,120576,4000.0,626097,0,145254.1657400972,0.0,27888.78238459887,0.76767975,3.93481,40192,0.0,13.0,208699,0.009667918,0.20000000298023224,0.0012487005,1.0,-0.008400497,0.0012487005,522496,5e-05,256.0,-0.011582775,9296.244729098173,0.005775285,0.009072036,-0.040777136,0.005775285,522496,5e-05,256.0,-0.048366837,1.0,0.43097776,3.9296017,40192,0.0,13.0,208699,0.20000000298023224,9296.26322683911,0.0,0.20000000298023224,0.008086755,0.008491033,-0.051825527,0.008086755,522496,5e-05,256.0,-0.061610494,1.0,0.4039436,3.9104567,40192,13.0,208699,9296.255819747736,7.320501026697457e-06,4.204326251056045e-05,1.8153252312913537e-05,7.775674748700112e-05,8.319242624565954e-06,3.8484999095089734e-05,0.32913380194054087,2.3582658524878276e-05,9.035680066291091e-06,3.8964451145573605e-05,5.244103468848157e-06,2.17293083589282e-05,4.4678887497056434e-06,1.0887762001647472e-06,9.074365651026748e-06,3.5965007305121645e-06,2.5472168266411837e-05,3.300223449037615e-05,5.848372643899229e-05,0.00021832307967896994,0.04029409527960832,0.18192418718893633,0.006645776051274202,2.2058959014184235e-05,0.094145105506091,0.00024071147756469643,6.561146822396572e-06,0.00015787994905806725,0.005289099887399842
1,56000.0,False,14,db5f9_00000,2025-10-20_16-49-44,1760971784,4.073204040527344,61.35430455207825,2521914,xuezhi-Precision-3660,130.238.16.41,61.35430455207825,14,4.320131655939927,1.7536127666541895e-05,4.3199406157877025,1.3336520641227982,2.983856864861512,0.0020570830122846897,500,399.2474942228111,0.6415670359204523,-4.050000000000003,0.0003551513942926544,500,56000.0,4000.0,0.00043293948692735285,8.0,399.2474942228111,112.0,1.3024691167345948,0.00015105510434101257,13.0,500.0,-6.294800000000017,-10.68000000000005,0.0009426562610315159,921.9779695994323,4,0,0,7.3500000000000005,21.36666666666667,-1.4348000000000027,-0.7893000000000001,-4.070700000000014,4000.0,4000.0,4000.0,0.0001425477357304657,500.0,500.0,500.0,4000.0,4000.0,4000.0,0.00039694562469199215,56000.0,56000.0,56000.0,-0.7893000000000001,-4.070700000000014,-1.4348000000000027,56000.0,56000.0,56000.0,628000,1688064,4000.0,8792000,120576,4000.0,626097,0,145680.28568314452,0.0,27970.596897089665,0.69941944,3.9116232,40192,0.0,14.0,208699,0.00859453,0.20000000298023224,0.0014031072,1.0,-0.054044656,0.0014031072,562688,5e-05,256.0,-0.05716667,9323.518117510936,0.0015437221,0.008200215,-0.044733733,0.0015437221,562688,5e-05,256.0,-0.047917493,1.0,0.8528134,3.9285054,40192,0.0,14.0,208699,0.20000000298023224,9323.534718930734,0.0,0.20000000298023224,0.0057946523,0.00948105,0.017149063,0.0057946523,562688,5e-05,256.0,0.009458199,1.0,0.36157107,3.894244,40192,14.0,208699,9323.528315276692,7.320501026697457e-06,4.204326251056045e-05,1.8153252312913537e-05,7.775674748700112e-05,8.319242624565954e-06,3.8484999095089734e-05,0.3279109300811162,2.2845634463782838e-05,8.72326469408829e-06,3.7827749795538925e-05,5.064019980880543e-06,2.1004512393592112e-05,4.364171713010712e-06,1.0762619472545807e-06,8.913344662872772e-06,3.4885478962387157e-06,2.4567186515799493e-05,3.207459093236621e-05,5.69997083772174e-05,0.0002133087819541696,0.040292806226841046,0.18073557696761217,0.006635570000809405,2.2059419419203984e-05,0.09412694117109269,0.00024010678279983967,6.555715672714431e-06,0.00015759029966303136,0.00528786255832366
1,60000.0,False,15,db5f9_00000,2025-10-20_16-49-48,1760971788,4.4476354122161865,65.80193996429443,2521914,xuezhi-Precision-3660,130.238.16.41,65.80193996429443,15,4.3213577439402115,1.745239630760985e-05,4.321165967849801,1.3346458449211926,2.984084345292657,0.00205939574173901,500,399.2474942228111,0.6530180167924846,-3.509999999999998,0.00039697738977657464,500,60000.0,4000.0,0.00043293948692735285,8.0,399.2474942228111,120.0,1.3033542840497603,0.00017058534396616564,14.0,500.0,-6.246500000000014,-11.95000000000004,0.0009426562610315159,923.3201634403345,4,0,0,8.95,21.45,-1.0139000000000002,-1.2892000000000017,-3.943400000000013,4000.0,4000.0,4000.0,0.00016181860909076414,500.0,500.0,500.0,4000.0,4000.0,4000.0,0.0004483005399740286,60000.0,60000.0,60000.0,-1.2892000000000017,-3.943400000000013,-1.0139000000000002,60000.0,60000.0,60000.0,628000,1808640,4000.0,9420000,120576,4000.0,626097,0,145434.74243960634,0.0,27923.45691534916,0.6174773,3.9055777,40192,0.0,15.0,208699,0.008610956,0.20000000298023224,0.004619429,1.0,-0.032556605,0.004619429,602880,5e-05,256.0,-0.038898237,9307.802964202165,0.00080089585,0.009138148,-0.00054600637,0.00080089585,602880,5e-05,256.0,-0.0031745415,1.0,0.8129664,3.9300342,40192,0.0,15.0,208699,0.20000000298023224,9307.821263724074,0.0,0.20000000298023224,0.011284141,0.008899245,-0.061755825,0.011284141,602880,5e-05,256.0,-0.07481982,1.0,0.1839698,3.8753917,40192,15.0,208699,9307.814157689547,7.320501026697457e-06,4.204326251056045e-05,1.8153252312913537e-05,7.775674748700112e-05,8.319242624565954e-06,3.8484999095089734e-05,0.3282375909800975,2.5781830578550672e-05,9.857065463001477e-06,4.297104259458298e-05,5.7289083142345364e-06,2.407663475472765e-05,4.911311000818383e-06,1.2109488266333683e-06,9.987255582499122e-06,4.02553556043724e-06,2.7905049061807817e-05,3.6311489914434526e-05,6.453069311391256e-05,0.00024035283929004853,0.04034324936470109,0.18093555242791523,0.006628478870810275,2.2075095359349192e-05,0.09420970513947202,0.00023978798519269466,6.554048408759126e-06,0.0001574896663397932,0.005290751612909507
1,64000.0,False,16,db5f9_00000,2025-10-20_16-49-52,1760971792,4.15457010269165,69.95651006698608,2521914,xuezhi-Precision-3660,130.238.16.41,69.95651006698608,16,4.3196388714810965,1.7366272319163034e-05,4.319446122911305,1.3351023697718096,2.98190230906933,0.0020623635347438514,500,399.2474942228111,0.6592251347377897,-3.1700000000000097,0.000364921836023172,500,64000.0,4000.0,0.00043293948692735285,8.0,399.2474942228111,128.0,1.3037457739516425,0.00015630865752589871,15.0,500.0,-6.421000000000017,-11.95000000000004,0.0009426562610315159,922.5443213432727,4,0,0,7.733333333333333,21.666666666666668,-1.0276000000000003,-1.333500000000003,-4.059900000000014,4000.0,4000.0,4000.0,0.00015030012124364877,500.0,500.0,500.0,4000.0,4000.0,4000.0,0.00041528450571376733,64000.0,64000.0,64000.0,-1.333500000000003,-4.059900000000014,-1.0276000000000003,64000.0,64000.0,64000.0,628000,1929216,4000.0,10048000,120576,4000.0,626097,0,145701.16698322227,0.0,27974.606476371708,0.71368325,3.869607,40192,0.0,16.0,208699,0.009355447,0.20000000298023224,0.0013946143,1.0,-0.06704184,0.0013946143,643072,5e-05,256.0,-0.07030753,9324.85586375548,0.0016269413,0.008772034,0.043660995,0.0016269413,643072,5e-05,256.0,0.040279653,1.0,0.8303759,3.914767,40192,0.0,16.0,208699,0.20000000298023224,9324.870964003694,0.0,0.20000000298023224,0.008389484,0.0095188,-0.02044943,0.008389484,643072,5e-05,256.0,-0.03074268,1.0,0.34655446,3.8537252,40192,16.0,208699,9324.865694942546,7.320501026697457e-06,4.204326251056045e-05,1.8153252312913537e-05,7.775674748700112e-05,8.319242624565954e-06,3.8484999095089734e-05,0.3270322983407113,2.400471223660003e-05,9.17492903602038e-06,3.98653362468852e-05,5.310037624140408e-06,2.2314436995087198e-05,4.570652705181075e-06,1.110505202487487e-06,9.273655352094555e-06,3.701725468651625e-06,2.5976459449368714e-05,3.3659199617425383e-05,5.95021531924299e-05,0.00022234083976719699,0.04033928543082586,0.17975657676357623,0.006618606692094721,2.2043344098665118e-05,0.0942012922580906,0.00023923699542241923,6.549047966557805e-06,0.00015727755944791485,0.005289943696632639
1,68000.0,False,17,db5f9_00000,2025-10-20_16-49-57,1760971797,4.249587774276733,74.20609784126282,2521914,xuezhi-Precision-3660,130.238.16.41,74.20609784126282,17,4.318893503836296,1.7284119605923292e-05,4.318700251082348,1.336259392414289,2.979996952098785,0.0020638157991566515,500,399.2474942228111,0.6601007668132661,-3.1700000000000097,0.00033635988406667045,500,68000.0,4000.0,0.00043293948692735285,8.0,399.2474942228111,136.0,1.303580053487253,0.0001460436534904412,16.0,500.0,-6.378900000000017,-11.95000000000004,0.0009426562610315159,923.6134483328167,4,0,0,7.900000000000001,21.616666666666664,-0.9169000000000012,-1.5463000000000042,-3.915700000000013,4000.0,4000.0,4000.0,0.00013857002890335868,500.0,500.0,500.0,4000.0,4000.0,4000.0,0.0003853931855124884,68000.0,68000.0,68000.0,-1.5463000000000042,-3.915700000000013,-0.9169000000000012,68000.0,68000.0,68000.0,628000,2049792,4000.0,10676000,120576,4000.0,626097,0,145781.67244029712,0.0,27990.06476725124,0.8347064,3.879874,40192,0.0,17.0,208699,0.009789407,0.20000000298023224,0.002054568,1.0,0.09099976,0.002054568,683264,5e-05,256.0,0.08698731,9330.007350561593,0.00035630813,0.00951987,0.006401132,0.00035630813,683264,5e-05,256.0,0.004140849,1.0,0.7817274,3.9211078,40192,0.0,17.0,208699,0.20000000298023224,9330.023564532468,0.0,0.20000000298023224,0.008489491,0.011720304,-0.052809317,0.008489491,683264,5e-05,256.0,-0.06364287,1.0,0.44180602,3.8527858,40192,17.0,208699,9330.018239473513,7.320501026697457e-06,4.204326251056045e-05,1.8153252312913537e-05,7.775674748700112e-05,8.319242624565954e-06,3.8484999095089734e-05,0.32584392175729837,2.2146842918576055e-05,8.598098872568225e-06,3.687537668932893e-05,4.931194159713949e-06,2.041221169502721e-05,4.176140182613516e-06,1.0332244572787221e-06,8.567210857796538e-06,3.400325491322426e-06,2.412955508747217e-05,3.134750288308902e-05,5.530068448679455e-05,0.00020653477810158292,0.0403320218367065,0.17858910894570143,0.006608268844954956,2.203337093309007e-05,0.09420262912510492,0.00023872801582777554,6.542787274331334e-06,0.00015702639345108885,0.0052884130093667995
1,72000.0,False,18,db5f9_00000,2025-10-20_16-50-01,1760971801,4.3887245655059814,78.5948224067688,2521914,xuezhi-Precision-3660,130.238.16.41,78.5948224067688,18,4.319541650687439,1.723313847629284e-05,4.319347667631674,1.3373542042305413,2.97954971758754,0.002063144811248049,500,399.2474942228111,0.6647187342908001,-3.1700000000000097,0.00037081187157143695,500,72000.0,4000.0,0.00043293948692735285,8.0,399.2474942228111,144.0,1.3044650321446478,0.0001602263021132699,17.0,500.0,-6.819000000000021,-11.95000000000004,0.0009426562610315159,924.4169841228364,4,0,0,9.3,21.8,-1.0187000000000013,-1.7250000000000048,-4.075300000000015,4000.0,4000.0,4000.0,0.00015142776581067864,500.0,500.0,500.0,4000.0,4000.0,4000.0,0.0004189033409904206,72000.0,72000.0,72000.0,-1.7250000000000048,-4.075300000000015,-1.0187000000000013,72000.0,72000.0,72000.0,628000,2170368,4000.0,11304000,120576,4000.0,626097,0,145627.74811753829,0.0,27960.513780757043,0.8340885,3.8852913,40192,0.0,18.0,208699,0.007906135,0.20000000298023224,0.0038201394,1.0,0.024108196,0.0038201394,723456,5e-05,256.0,0.018706834,9320.159802151424,0.0018374906,0.009360223,0.019902749,0.0018374906,723456,5e-05,256.0,0.016193222,1.0,0.8955666,3.9095693,40192,0.0,18.0,208699,0.20000000298023224,9320.173304817283,0.0,0.20000000298023224,0.014076579,0.009382582,-0.16431433,0.014076579,723456,5e-05,256.0,-0.18026741,1.0,0.29362237,3.8623393,40192,18.0,208699,9320.167570694484,7.320501026697457e-06,4.204326251056045e-05,1.8153252312913537e-05,7.775674748700112e-05,8.319242624565954e-06,3.8484999095089734e-05,0.3259333338995929,2.4352409434946647e-05,9.296842427374514e-06,4.0192439182759506e-05,5.347643699899405e-06,2.2393053833773154e-05,4.611421150626717e-06,1.2607338678195071e-06,9.302392303886943e-06,3.7351610942007616e-06,2.660249080395035e-05,3.405124135576367e-05,5.9975046742289456e-05,0.0002236176983173555,0.040324404158166176,0.17867186533581303,0.006609302886420549,2.2014347254875177e-05,0.09421989970354999,0.00023825492544869744,6.537209100615858e-06,0.00015710540982811773,0.005286875738818578
1,76000.0,False,19,db5f9_00000,2025-10-20_16-50-05,1760971805,4.177896738052368,82.77271914482117,2521914,xuezhi-Precision-3660,130.238.16.41,82.77271914482117,19,4.318077936740193,1.71473275407883e-05,4.317883630635706,1.3380261057178484,2.9774163504418856,0.002058772552714273,500,399.2474942228111,0.6665330834611086,-3.1700000000000097,0.00037697798967817916,500,76000.0,4000.0,0.00043293948692735285,8.0,399.2474942228111,152.0,1.3050794291783783,0.00017360033623799946,18.0,500.0,-6.74430000000002,-11.480000000000034,0.0009426562610315159,924.0800161296393,4,0,0,8.783333333333333,21.78333333333333,-1.2208000000000032,-1.6879000000000042,-3.835600000000012,4000.0,4000.0,4000.0,0.0001585433173300508,500.0,500.0,500.0,4000.0,4000.0,4000.0,0.0004371166037179466,76000.0,76000.0,76000.0,-1.6879000000000042,-3.835600000000012,-1.2208000000000032,76000.0,76000.0,76000.0,628000,2290944,4000.0,11932000,120576,4000.0,626097,0,145840.90178408238,0.0,28001.440525066973,0.67133963,3.88021,40192,0.0,19.0,208699,0.009788166,0.20000000298023224,0.0019148712,1.0,-0.03795332,0.0019148712,763648,5e-05,256.0,-0.041825827,9333.801784004296,0.000776438,0.01083731,0.018594092,0.000776438,763648,5e-05,256.0,0.015650189,1.0,0.90654373,3.910898,40192,0.0,19.0,208699,0.20000000298023224,9333.81523695158,0.0,0.20000000298023224,0.009575072,0.009218135,-0.03793717,0.009575072,763648,5e-05,256.0,-0.049355876,1.0,0.17273897,3.8546221,40192,19.0,208699,9333.809674025026,7.320501026697457e-06,4.204326251056045e-05,1.8153252312913537e-05,7.775674748700112e-05,8.319242624565954e-06,3.8484999095089734e-05,0.3248023266909294,2.5577403124675093e-05,9.776837021015901e-06,4.205807471338451e-05,5.5821062729408175e-06,2.3631577682983776e-05,4.831080389635649e-06,1.1934636635019734e-06,9.705960883653408e-06,3.9328294499031475e-06,2.728091369282829e-05,3.512303031003918e-05,6.239555378731135e-05,0.00023510763490114075,0.04033918038688368,0.1775255844722983,0.006598682987752676,2.2108014087996326e-05,0.09423377935671151,0.00023775667575745446,6.549546565235614e-06,0.00015685615566654089,0.005286597071629766
1,80000.0,False,20,db5f9_00000,2025-10-20_16-50-12,1760971812,7.105443239212036,89.8781623840332,2521914,xuezhi-Precision-3660,130.238.16.41,89.8781623840332,20,4.318090263922815,1.7078084380242737e-05,4.317895472819558,1.3395812118408208,2.975872989257643,0.002058455656741778,500,399.2474942228111,0.6912332660635002,-3.4199999999999973,0.00040154309489846856,500,80000.0,4000.0,0.00043293948692735285,8.0,399.2474942228111,160.0,1.3065819823691733,0.00016892104460423756,19.0,500.0,-6.909200000000018,-11.480000000000034,0.0009426562610315159,924.6157546688364,4,0,0,6.389999999999999,21.279999999999998,-1.197200000000002,-1.8904000000000045,-3.8216000000000117,4000.0,4000.0,4000.0,0.00016201189502423787,500.0,500.0,500.0,4000.0,4000.0,4000.0,0.0004478439168797611,80000.0,80000.0,80000.0,-1.8904000000000045,-3.8216000000000117,-1.197200000000002,80000.0,80000.0,80000.0,628000,2411520,4000.0,12560000,120576,4000.0,626097,0,145790.70341477593,0.0,27991.80305718109,0.8237082,3.8485434,40192,0.0,20.0,208699,0.008106697,0.20000000298023224,0.0035608911,1.0,0.016624488,0.0035608911,803840,5e-05,256.0,0.011442254,9330.590078144985,0.0039292537,0.007538679,0.0016984122,0.0039292537,803840,5e-05,256.0,-0.0037385768,1.0,0.6995653,3.8838968,40192,0.0,20.0,208699,0.20000000298023224,9330.602862290096,0.0,0.20000000298023224,0.009220987,0.0075974464,0.053804975,0.009220987,803840,5e-05,256.0,0.043064512,1.0,0.27406013,3.862602,40192,20.0,208699,9330.597558483018,7.320501026697457e-06,4.204326251056045e-05,1.8153252312913537e-05,7.775674748700112e-05,8.319242624565954e-06,3.8484999095089734e-05,0.32484729761414394,2.596673100348587e-05,9.904924605002918e-06,4.299973714441328e-05,5.741326349654704e-06,2.402825345454671e-05,4.88891438641596e-06,1.2146565555139396e-06,9.953037330788008e-06,3.973714146199978e-06,2.8009448965836712e-05,3.615538252634652e-05,6.41416517806206e-05,0.00024010732753089432,0.040322028673025534,0.17759231788727653,0.00658996738790968,2.2077163567900885e-05,0.09424256758308044,0.00023726272927972105,6.543751204922546e-06,0.00015669650413944325,0.005284922820744436
1,84000.0,False,21,db5f9_00000,2025-10-20_16-50-17,1760971817,4.203965187072754,94.08212757110596,2521914,xuezhi-Precision-3660,130.238.16.41,94.08212757110596,21,4.316903934093951,1.703872362909752e-05,4.3167083824812185,1.3399598985626247,2.9743085607152255,0.0020565130401431625,500,399.2474942228111,0.6851792256132466,-3.4199999999999973,0.0003765865998745005,500,84000.0,4000.0,0.00043293948692735285,8.0,399.2474942228111,168.0,1.3069498978129444,0.00016278900332663835,20.0,500.0,-6.196900000000015,-10.410000000000021,0.0009426562610315159,906.8404481406391,4,0,0,7.916666666666667,21.150000000000002,-1.026300000000002,-1.3697000000000024,-3.8009000000000115,4000.0,4000.0,4000.0,0.00015792870108971352,500.0,500.0,500.0,4000.0,4000.0,4000.0,0.00043447308881847905,84000.0,84000.0,84000.0,-1.3697000000000024,-3.8009000000000115,-1.026300000000002,84000.0,84000.0,84000.0,628000,2532096,4000.0,13188000,120576,4000.0,626097,0,142971.00164652275,0.0,27450.421332110323,0.7741649,3.8245564,40192,0.0,21.0,208699,0.009499123,0.20000000298023224,0.0031488158,1.0,-0.021102699,0.0031488158,844032,5e-05,256.0,-0.026151335,9150.129862070064,0.0012831115,0.010140398,-0.11211772,0.0012831115,844032,5e-05,256.0,-0.115428925,1.0,0.795334,3.8842814,40192,0.0,21.0,208699,0.20000000298023224,9150.142146320733,0.0,0.20000000298023224,0.0054382836,0.009273839,0.113029055,0.0054382836,844032,5e-05,256.0,0.10573601,1.0,0.5319037,3.8344188,40192,21.0,208699,9150.137124561976,7.320501026697457e-06,4.204326251056045e-05,1.8153252312913537e-05,7.775674748700112e-05,8.319242624565954e-06,3.8484999095089734e-05,0.32364390263793985,2.531176300369442e-05,9.618444939814656e-06,4.194316756428336e-05,5.559786648993542e-06,2.3409900604414204e-05,4.814705705174046e-06,1.1712162403498677e-06,9.820831964754864e-06,3.903592401366564e-06,2.7242823331894755e-05,3.525588620517026e-05,6.246524052233823e-05,0.0002320317917752709,0.0402995385862721,0.1764554220585203,0.006581065354088981,2.2050582002254947e-05,0.09421252878762229,0.00023674486174433084,6.53577396742066e-06,0.00015646545963121414,0.005283093262745908
1,88000.0,False,22,db5f9_00000,2025-10-20_16-50-21,1760971821,4.3119730949401855,98.39410066604614,2521914,xuezhi-Precision-3660,130.238.16.41,98.39410066604614,22,4.316810522913161,1.6975396579371467e-05,4.316614238766403,1.3412502335670105,2.9729232537379433,0.002055575619731167,500,399.2474942228111,0.6988727553549688,-3.359999999999996,0.00036991642742913346,500,88000.0,4000.0,0.00043293948692735285,8.0,399.2474942228111,176.0,1.3083274218922512,0.00015987636994258973,21.0,500.0,-6.020300000000017,-10.890000000000052,0.0009426562610315159,907.9359114751006,4,0,0,7.8999999999999995,21.633333333333336,-0.9723000000000015,-1.0831000000000013,-3.964900000000013,4000.0,4000.0,4000.0,0.00015306484917914,500.0,500.0,500.0,4000.0,4000.0,4000.0,0.0004234150828007084,88000.0,88000.0,88000.0,-1.0831000000000013,-3.964900000000013,-0.9723000000000015,88000.0,88000.0,88000.0,628000,2652672,4000.0,13816000,120576,4000.0,626097,0,143085.61981110438,0.0,27472.42878921038,0.82659066,3.8122828,40192,0.0,22.0,208699,0.007821588,0.20000000298023224,0.00042910822,1.0,0.13029216,0.00042910822,884224,5e-05,256.0,0.12829873,9157.464364680505,0.0014650307,0.011112502,-0.080125734,0.0014650307,884224,5e-05,256.0,-0.08381328,1.0,0.82426745,3.8524554,40192,0.0,22.0,208699,0.20000000298023224,9157.478088622764,0.0,0.20000000298023224,0.0072456445,0.009065639,-0.001122073,0.0072456445,884224,5e-05,256.0,-0.010180842,1.0,0.35026824,3.818862,40192,22.0,208699,9157.473323972801,7.320501026697457e-06,4.204326251056045e-05,1.8153252312913537e-05,7.775674748700112e-05,8.319242624565954e-06,3.8484999095089734e-05,0.323708658561451,2.4593014746858675e-05,9.359095715831958e-06,4.073557628832146e-05,5.439543949892016e-06,2.25407398447101e-05,4.648394444977553e-06,1.1444858706460697e-06,9.458579194146254e-06,3.860317077756843e-06,2.6455889370362414e-05,3.416241033641041e-05,6.092106262059924e-05,0.00022664019518868345,0.04029041066048888,0.17655746259814814,0.006573142790343688,2.2003176452563304e-05,0.09419756947984763,0.00023628476350592983,6.5307659305815365e-06,0.00015623885480430354,0.005280852169929886
1,92000.0,False,23,db5f9_00000,2025-10-20_16-50-25,1760971825,4.095137596130371,102.48923826217651,2521914,xuezhi-Precision-3660,130.238.16.41,102.48923826217651,23,4.314547548174457,1.6917712733517497e-05,4.314350765878949,1.341652210441172,2.9702599682103967,0.0020530118433731356,500,399.2474942228111,0.6836027145857224,-3.2900000000000054,0.0003810222225185066,500,92000.0,4000.0,0.00043293948692735285,8.0,399.2474942228111,184.0,1.3087398919334736,0.0001626724829115293,22.0,500.0,-5.626400000000014,-10.890000000000052,0.0009426562610315159,909.7503743753193,4,0,0,6.95,21.700000000000003,-1.0449000000000022,-0.7697000000000003,-3.811800000000011,4000.0,4000.0,4000.0,0.0001565146531512487,500.0,500.0,500.0,4000.0,4000.0,4000.0,0.0004314939441629902,92000.0,92000.0,92000.0,-0.7697000000000003,-3.811800000000011,-1.0449000000000022,92000.0,92000.0,92000.0,628000,2773248,4000.0,14444000,120576,4000.0,626097,0,143576.5837931448,0.0,27566.69217793619,0.86570865,3.7946243,40192,0.0,23.0,208699,0.009724255,0.20000000298023224,0.0009344868,1.0,-0.03650536,0.0009344868,924416,5e-05,256.0,-0.039384708,9188.889746223134,0.005600603,0.008342992,-0.08455316,0.005600603,924416,5e-05,256.0,-0.09182234,1.0,0.7278619,3.8671136,40192,0.0,23.0,208699,0.20000000298023224,9188.89879525285,0.0,0.20000000298023224,0.008477957,0.008331452,0.087053254,0.008477957,924416,5e-05,256.0,0.07690901,1.0,0.4260289,3.8053784,40192,23.0,208699,9188.894369384785,7.320501026697457e-06,4.204326251056045e-05,1.8153252312913537e-05,7.775674748700112e-05,8.319242624565954e-06,3.8484999095089734e-05,0.3225041818360164,2.5130969215799667e-05,9.58731321636549e-06,4.1457562512944745e-05,5.523797785016633e-06,2.3197909731154983e-05,4.768096483077328e-06,1.1801075961819333e-06,9.681226173102813e-06,3.900715314697362e-06,2.704325279093971e-05,3.508889393705668e-05,6.208451118483529e-05,0.00023054389733538058,0.04026572278419449,0.17542278476211978,0.006564403762645014,2.1958344508697725e-05,0.0941663894652964,0.00023567610559590446,6.5227078340905526e-06,0.00015601236641674452,0.005279007547933352
1,96000.0,False,24,db5f9_00000,2025-10-20_16-50-29,1760971829,4.361973285675049,106.85121154785156,2521914,xuezhi-Precision-3660,130.238.16.41,106.85121154785156,24,4.314976085062794,1.6846235418795746e-05,4.314778736590155,1.3426636428965568,2.9696749032279097,0.002053435155151507,500,399.2474942228111,0.6928925233456539,-3.2900000000000054,0.00037960809603621915,500,96000.0,4000.0,0.00043293948692735285,8.0,399.2474942228111,192.0,1.3097875399818517,0.00016666570652278258,23.0,500.0,-5.477500000000013,-10.890000000000052,0.0009426562610315159,912.2520163415127,4,0,0,7.466666666666666,21.599999999999998,-1.068800000000002,-0.7181000000000006,-3.69060000000001,4000.0,4000.0,4000.0,0.0001609446541726179,500.0,500.0,500.0,4000.0,4000.0,4000.0,0.00044496701677399484,96000.0,96000.0,96000.0,-0.7181000000000006,-3.69060000000001,-1.068800000000002,96000.0,96000.0,96000.0,628000,2893824,4000.0,15072000,120576,4000.0,626097,0,143578.5368518043,0.0,27567.069491983144,0.77876675,3.8076494,40192,0.0,24.0,208699,0.006984079,0.20000000298023224,0.002656715,1.0,0.059446756,0.002656715,964608,5e-05,256.0,0.05539322,9189.014178816218,0.0018566169,0.008953786,-0.08914957,0.0018566169,964608,5e-05,256.0,-0.09279693,1.0,0.7351354,3.8519206,40192,0.0,24.0,208699,0.20000000298023224,9189.024596315454,0.0,0.20000000298023224,0.0077422666,0.008410453,0.019679543,0.0077422666,964608,5e-05,256.0,0.01025519,1.0,0.21035051,3.801358,40192,24.0,208699,9189.02121339836,7.320501026697457e-06,4.204326251056045e-05,1.8153252312913537e-05,7.775674748700112e-05,8.319242624565954e-06,3.8484999095089734e-05,0.32271602472717376,2.57671412362668e-05,9.814528051121868e-06,4.260140671564029e-05,5.679590143559858e-06,2.3980753558068136e-05,4.9269479838280224e-06,1.2101963844970545e-06,9.983511794421463e-06,3.98361749940316e-06,2.7840301548525477e-05,3.613077530975868e-05,6.383262065757112e-05,0.00023813042647465287,0.040259597816117626,0.1756452379943305,0.006557963594914573,2.193375148898138e-05,0.09417203583102406,0.0002353883544735661,6.55336099688292e-06,0.00015591534295030207,0.0052778169421883745
1,100000.0,False,25,db5f9_00000,2025-10-20_16-50-34,1760971834,4.201527118682861,111.05273866653442,2521914,xuezhi-Precision-3660,130.238.16.41,111.05273866653442,25,4.313792661831981,1.6770912889065255e-05,4.313594945084095,1.3438835883475244,2.9672702673554134,0.002053493033739292,500,399.2474942228111,0.6929093639052007,-3.2900000000000054,0.00039901692837394557,500,100000.0,4000.0,0.00043293948692735285,8.0,399.2474942228111,200.0,1.3111061093044798,0.00016574228448149478,24.0,500.0,-5.512300000000011,-10.890000000000052,0.0009426562610315159,912.1168909804516,4,0,0,7.199999999999999,21.5,-1.0339000000000016,-0.862400000000001,-3.61600000000001,4000.0,4000.0,4000.0,0.00015902318707892128,500.0,500.0,500.0,4000.0,4000.0,4000.0,0.00044126563518361386,100000.0,100000.0,100000.0,-0.862400000000001,-3.61600000000001,-1.0339000000000016,100000.0,100000.0,100000.0,628000,3014400,4000.0,15700000,120576,4000.0,626097,0,143848.67469858783,0.0,27618.935868406545,0.6575245,3.7822027,40192,0.0,25.0,208699,0.008710189,0.20000000298023224,0.0030541983,1.0,-0.08235918,0.0030541983,1004800,5e-05,256.0,-0.08715542,9206.304625159219,0.0041848016,0.008745186,-0.031884376,0.0041848016,1004800,5e-05,256.0,-0.037818212,1.0,0.7895485,3.8306928,40192,0.0,25.0,208699,0.20000000298023224,9206.313303042256,0.0,0.20000000298023224,0.00972155,0.00839756,0.0066715125,0.00972155,1004800,5e-05,256.0,-0.0047295503,1.0,0.3157351,3.77546,40192,25.0,208699,9206.308978433277,7.320501026697457e-06,4.204326251056045e-05,1.8153252312913537e-05,7.775674748700112e-05,8.319242624565954e-06,3.8484999095089734e-05,0.3216016771702224,2.553457610349674e-05,9.665022259952277e-06,4.213850943261809e-05,5.6905361849266345e-06,2.3383508794561004e-05,4.811744257561155e-06,1.187551180688846e-06,9.835294808731685e-06,3.868894911603106e-06,2.7527249152932023e-05,3.551934828034202e-05,6.358660019207707e-05,0.00023670961716979133,0.04021638243764985,0.17453043834421508,0.006554062848871462,2.1906414271921072e-05,0.09422197977280446,0.0002348737311502894,6.549367436414854e-06,0.00015585023931390834,0.005278205722422351
1,104000.0,False,26,db5f9_00000,2025-10-20_16-50-38,1760971838,4.2300732135772705,115.2828118801117,2521914,xuezhi-Precision-3660,130.238.16.41,115.2828118801117,26,4.312906839383699,1.6699593900417476e-05,4.312708503963386,1.344223254904013,2.966044253811783,0.002052874633401945,500,399.2474942228111,0.6934092481137486,-3.5699999999999985,0.00035467495429918934,500,104000.0,4000.0,0.00043293948692735285,8.0,399.2474942228111,208.0,1.3115553419838966,0.0001537901227404958,25.0,500.0,-5.595500000000013,-9.480000000000038,0.0009426562610315159,914.9839756518197,4,0,0,7.016666666666666,21.416666666666668,-0.7766000000000005,-1.0181000000000018,-3.8008000000000113,4000.0,4000.0,4000.0,0.0001493318064381024,500.0,500.0,500.0,4000.0,4000.0,4000.0,0.0004126414706183296,104000.0,104000.0,104000.0,-1.0181000000000018,-3.8008000000000113,-0.7766000000000005,104000.0,104000.0,104000.0,628000,3134976,4000.0,16328000,120576,4000.0,626097,0,144059.49007836255,0.0,27659.41176522015,0.78093576,3.7875588,40192,0.0,26.0,208699,0.009961085,0.20000000298023224,0.00097002287,1.0,-0.081768245,0.00097002287,1044992,5e-05,256.0,-0.08473048,9219.793382267744,0.0026525944,0.007892019,-0.04319922,0.0026525944,1044992,5e-05,256.0,-0.047430225,1.0,0.6112967,3.818688,40192,0.0,26.0,208699,0.20000000298023224,9219.80522118583,0.0,0.20000000298023224,0.009714918,0.0079417005,-0.062342543,0.009714918,1044992,5e-05,256.0,-0.0736458,1.0,0.30490232,3.7852232,40192,26.0,208699,9219.801701074819,7.320501026697457e-06,4.204326251056045e-05,1.8153252312913537e-05,7.775674748700112e-05,8.319242624565954e-06,3.8484999095089734e-05,0.3216565566386577,2.397273072390117e-05,9.092486564775238e-06,3.9515735204608e-05,5.2884911819708196e-06,2.2161791430828432e-05,4.5519120379577875e-06,1.1067007879236038e-06,9.269513970225284e-06,3.665576630974e-06,2.585712807584553e-05,3.34300992742551e-05,5.941680048282594e-05,0.00021999809594991008,0.040184050053312326,0.1746468777009283,0.00654669641014496,2.1875870190985353e-05,0.09420500903545947,0.0002344241538178617,6.5431437127758435e-06,0.00015564818671386216,0.0052762007456669605
1,108000.0,False,27,db5f9_00000,2025-10-20_16-50-42,1760971842,4.139476776123047,119.42228865623474,2521914,xuezhi-Precision-3660,130.238.16.41,119.42228865623474,27,4.311127994989915,1.66271481574947e-05,4.310928975153782,1.3441468729950843,2.9643366056137546,0.0020561704468254117,500,399.2474942228111,0.6779394553159364,-3.5699999999999985,0.0003622987437711933,500,108000.0,4000.0,0.00043293948692735285,8.0,399.2474942228111,216.0,1.3115485384314454,0.00016050961571413235,26.0,500.0,-6.315500000000018,-10.420000000000034,0.0009426562610315159,916.8456557086386,4,0,0,7.633333333333333,21.400000000000002,-1.2356000000000034,-1.2760000000000036,-3.803900000000011,4000.0,4000.0,4000.0,0.00015219759531526003,500.0,500.0,500.0,4000.0,4000.0,4000.0,0.00042204503662824565,108000.0,108000.0,108000.0,-1.2760000000000036,-3.803900000000011,-1.2356000000000034,108000.0,108000.0,108000.0,628000,3255552,4000.0,16956000,120576,4000.0,626097,0,144420.41981624305,0.0,27728.712227106225,0.76725966,3.825162,40192,0.0,27.0,208699,0.009117416,0.20000000298023224,0.0008506174,1.0,-0.05475089,0.0008506174,1085184,5e-05,256.0,-0.057425,9242.89461606312,0.0038519143,0.0107746525,-0.06792306,0.0038519143,1085184,5e-05,256.0,-0.073929906,1.0,0.84267396,3.8227684,40192,0.0,27.0,208699,0.20000000298023224,9242.905486262442,0.0,0.20000000298023224,0.011117077,0.009165352,0.06566225,0.011117077,1085184,5e-05,256.0,0.05271211,1.0,0.25678343,3.8011572,40192,27.0,208699,9242.901613788134,7.320501026697457e-06,4.204326251056045e-05,1.8153252312913537e-05,7.775674748700112e-05,8.319242624565954e-06,3.8484999095089734e-05,0.3205232264721851,2.447308768925677e-05,9.38672788050326e-06,4.0230741879271014e-05,5.430510629454295e-06,2.263327364076424e-05,4.596920317929169e-06,1.1270457691701269e-06,9.456087997244383e-06,3.699683478264969e-06,2.6197202238918297e-05,3.399692011016531e-05,6.046291071262247e-05,0.00022692455485572128,0.040189302483179014,0.17353569588408774,0.006535931615771044,2.1848231687071995e-05,0.09419209713521788,0.00023399078189390425,6.535392575153676e-06,0.0001555364649746479,0.005275289067829192
1,112000.0,False,28,db5f9_00000,2025-10-20_16-50-46,1760971846,4.304978132247925,123.72726678848267,2521914,xuezhi-Precision-3660,130.238.16.41,123.72726678848267,28,4.311015936189964,1.6558137020693284e-05,4.310816415782354,1.344472033705494,2.963896583067779,0.0020574570425962286,500,399.2474942228111,0.6629189622035483,-3.5699999999999985,0.0003929893425974861,500,112000.0,4000.0,0.00043293948692735285,8.0,399.2474942228111,224.0,1.3119264826246329,0.0001621587333112961,27.0,500.0,-6.959400000000021,-10.420000000000034,0.0009426562610315159,918.7190599635547,4,0,0,7.783333333333334,21.383333333333336,-1.2506000000000033,-1.849900000000006,-3.8589000000000118,4000.0,4000.0,4000.0,0.00015537441128113258,500.0,500.0,500.0,4000.0,4000.0,4000.0,0.0004261107714895708,112000.0,112000.0,112000.0,-1.849900000000006,-3.8589000000000118,-1.2506000000000033,112000.0,112000.0,112000.0,628000,3376128,4000.0,17584000,120576,4000.0,626097,0,144473.70915313665,0.0,27738.943135792033,0.81436586,3.786618,40192,0.0,28.0,208699,0.008371424,0.20000000298023224,0.0041243974,1.0,0.026503693,0.0041243974,1125376,5e-05,256.0,0.020705014,9246.30516286037,0.0016378817,0.00718931,0.060027655,0.0016378817,1125376,5e-05,256.0,0.05695191,1.0,0.9186017,3.810638,40192,0.0,28.0,208699,0.20000000298023224,9246.315698245395,0.0,0.20000000298023224,0.00959627,0.008219002,-0.0015910254,0.00959627,1125376,5e-05,256.0,-0.012831094,1.0,0.33503824,3.7824774,40192,28.0,208699,9246.31229970258,7.320501026697457e-06,4.204326251056045e-05,1.8153252312913537e-05,7.775674748700112e-05,8.319242624565954e-06,3.8484999095089734e-05,0.3205981818076391,2.4795123071272607e-05,9.476833655771357e-06,4.148715483416483e-05,5.4961992075648534e-06,2.2930513482443454e-05,4.698363598200006e-06,1.1382670703506074e-06,9.483719934787352e-06,3.7836834333814573e-06,2.6550329292530053e-05,3.438559102234606e-05,6.1004882862975856e-05,0.00022830419643100002,0.040175889948420786,0.17365013399525803,0.006528635329623424,2.182419904640202e-05,0.09417716240336697,0.0002335911339013348,6.526448857746599e-06,0.0001553873002057771,0.005274134886693204
